SKU,Brand,Description,UOM,MRP,Slab_1_Margin,Slab_1_SP_Excl_Tax,PCS/PK,Slab_2_Margin,Slab_2_SP_Excl_Tax,Slab_3_Margin,Slab_3_SP_Excl_Tax,Slab_4_Margin,Slab_4_SP_Excl_Tax,Slab_5_Margin,Slab_5_SP_Excl_Tax,GST
100806011684,WORKSTORE,"EASY Fine Tip Ball Pen, Blue, 5 pcs/pack",PACK,30,46,25,5,40,22.5,32.5,20,25,18,25,18,GST-18
100806011685,WORKSTORE,"EASY Fine Tip Ball Pen, Black,, 5 pcs/pack",PACK,30,46,25,5,40,22.5,32.5,20,25,18,25,18,GST-18
100806011686,WORKSTORE,"EASY Fine Tip Ball Pen, Red, 5 pcs/pack",PACK,30,46,25,5,40,22.5,32.5,20,25,18,25,18,GST-18
100806010069,LINC,LINC GLYCER BALL PEN; 0.6 MM; BLUE; 5 PCS/PACK,PACK,50,19.05,42,5,15,40,15,40,15,40,15,40,GST-18
100806010068,LINC,LINC GLYCER BALL PEN; 0.6 MM; BLACK; 5 PCS/PACK,PACK,50,19.05,42,5,15,40,15,40,15,40,15,40,GST-18
100806010027,CELLO,"Cello Fine Grip Ball Pen, 0.7 MM, Blue, 5 Pc/Pack",PACK,35,20.69,29,5,20.69,29,17.86,28,17.86,28,17.86,28,GST-18
100806010028,CELLO,"Cello Fine Grip Ball Pen, 0.7 MM, Black, 5 Pc/Pack",PACK,35,20.69,29,5,20.69,29,17.86,28,17.86,28,17.86,28,GST-18
10051727,CELLO,CELLO TRI-MATE BALL PEN BLUE 5 PCS/ PACK of 1,PACK,30,36,25,5,36,25,36,25,27.27,22,20,20,GST-18
10045803,CELLO,Cello Tri-mate Ball Pen Black (Pack of 5),PACK,30,36,25,5,36,25,36,25,27.27,22,20,20,GST-18
10054975,CELLO,CELLO TRI-MATE BALL PEN RED (PACK OF 5) PACK of 1,PACK,30,36,25,5,36,25,36,25,27.27,22,20,20,GST-18
100806011192,WORKSTORE,Workstore Easy sleek Ball pen blue ink (20 pcpack),PACK,80,33.33,60,20,33.33,60,28.57,56,28.57,56,23.08,52,GST-18
100806011400,WORKSTORE,Workstore Easy sleek Ball pen black ink (20 pcpack),PACK,80,33.33,60,20,33.33,60,28.57,56,28.57,56,23.08,52,GST-18
10057913,CELLO,CELLO GRIPPER BALL PEN BLUE INK 0.5MM (PACK OF 10 PCS),PACK,100,31.25,80,10,31.25,80,26.67,75,26.67,75,26.67,75,GST-18
10057914,CELLO,CELLO GRIPPER BALL PEN BLACK INK 0.5MM (PACK OF 10 PCS ),PACK,100,31.25,80,10,31.25,80,26.67,75,26.67,75,26.67,75,GST-18
10051735,CELLO,CELLO SUPER STAR GEL PEN BLACK (PACK of 5),PACK,30,24,25,5,28.03,26.4,24,25,24,25,24,25,GST-12
10051734,CELLO,CELLO SUPER STAR GEL PEN BLUE (PACK of 5),PACK,30,24,25,5,28.03,26.4,24,25,24,25,24,25,GST-12
100806050323,UNIBALL,"Uniball Click Gel Pen , Blue",PCS,50,23.81,42,1,23.81,42,3.03,33,23.81,42,20,40,GST-12
100806050324,UNIBALL,"Uniball Click Gel Pen, Black",PCS,50,23.81,42,1,23.81,42,3.03,33,23.81,42,20,40,GST-12
100801010181,CAMLIN,Camlin All Clear Eraser Box Of 20Pcs - 5247484,PACK,60,34.62,52,20,32,50,32,50,29.17,48,26.09,46,GST-5
100801010060,NATARAJ,"Nataraj 621 Plasto Eraser, 20 Pc/Pack",PACK,25,28.57,21,20,25,20,25,20,25,20,25,20,GST-5
100804020001,CAMLIN,Camlin /Flair Mechanical Pencil 0.5MM -6805132,PCS,17,37.47,15,1,37.47,15,33,14,27.85,13,27.85,13,GST-12
100805020014,NATARAJ,"Nataraj 621 Pencils, HB, 10 Pcc/Pack",PACK,50,16.67,42,10,16.67,42,12.5,40,12.5,40,12.5,40,GST-12
102102010002,KORES,KORES CLASSIC PREMIUM HB PENCILS 10 PC PACK,PACK,50,16.67,42,10,16.67,42,12.5,40,12.5,40,12.5,40,GST-12
100209010027,STANDARD,"Stainless Steel Scale, 12 inch",PCS,32,30.77,26,1,30.77,26,28,25,28,25,25,24,GST-12
100209010007,CAMLIN,"Camlin Exam Plastic Scale 12""- 5248491",PCS,12,35,10,1,35,10,27.78,9,27.78,9,27.78,9,GST-12
100807010149,CAMLIN,Camlin Exam Sharpener Box Of 20Pcs - 5249488,PACK,80,30.77,65,20,30.77,65,25,60,25,60,19.64,56,GST-12
100705010011,CAMLIN,"Camlin Assorted Sketch Pen Set- In Pouch, 12 Pc/Pk - 404455",SET,30,32,25,1,29.17,24,29.17,24,22.73,22,22.73,22,GST-12
100803010003,CAMLIN,Camlin Hi-Lighter Marker Pen Assorted 5 Pc/Set 7287001,SET,125,44.5,100,5,42.19,96,41.58,95,38.33,90,34.71,85,GST-12
100803010004,CAMLIN,"Camlin Hi-Lighter Marker Pen, Yellow - 7287130",PCS,25,45.24,21,1,42.5,20,39.47,19,36.11,18,32.35,17,GST-12
10046050,WORKSTORE,Workstore Yellow Highlighter W105 1 Pc,PCS,20,50,16,1,46.67,15,42.86,14,38.46,13,38.46,13,GST-12
102105010029,WORKSTORE,Workstore Assorted Color Highllighter - 5 PCS,SET,100,49.41,85,5,46.25,80,42.67,75,38.57,70,38.57,70,GST-12
100803030122,CAMLIN,Camlin CD Dvd Marker Pen Black - 7289016,PCS,10,32.12,8.25,1,32.12,8.25,32.12,8.25,32.12,8.25,30,8,GST-12
100803030123,CAMLIN,Camlin CD Dvd Marker Pen Blue - 7289018,PCS,10,32.12,8.25,1,32.12,8.25,32.12,8.25,32.12,8.25,30,8,GST-12
100803030125,CAMLIN,Camlin CD Dvd Marker Pen Green - 7289175,PCS,10,32.12,8.25,1,32.12,8.25,32.12,8.25,32.12,8.25,30,8,GST-12
100803030124,CAMLIN,Camlin CD Dvd Marker Pen Red - 7289369,PCS,10,32.12,8.25,1,32.12,8.25,32.12,8.25,32.12,8.25,30,8,GST-12
100803050008,CAMLIN,"Camlin Permanent Marker, Plastic Body, Black - 7270016",PCS,20,32.35,17,1,32.35,17,28.13,16,28.13,16,23.33,15,GST-12
100803050010,CAMLIN,"Camlin Permanent Marker, Plastic Body, Green - 7270175",PCS,20,32.35,17,1,32.35,17,28.13,16,28.13,16,23.33,15,GST-12
100803050011,CAMLIN,"Camlin Permanent Marker, Plastic Body, Red - 7270369",PCS,20,32.35,17,1,32.35,17,28.13,16,28.13,16,23.33,15,GST-12
100803050009,CAMLIN,"Camlin Permanent Marker, Plastic Body, Blue - 7270018",PCS,20,32.35,17,1,32.35,17,28.13,16,28.13,16,23.33,15,GST-12
100803060111,WORKSTORE,"SF50001, White Board Marker, RRed",PCS,30,62.5,24,1,55,20,47.06,17,43.75,16,40,15,GST-12
100803060112,WORKSTORE,"SF50002, White Board Marker, Blue",PCS,30,62.5,24,1,55,20,47.06,17,43.75,16,40,15,GST-12
100803060113,WORKSTORE,"SF50003, White Board Marker, Green",PCS,30,62.5,24,1,55,20,47.06,17,43.75,16,40,15,GST-12
100803060114,WORKSTORE,"SF50004, White Board Marker, Black",PCS,30,62.5,24,1,55,20,47.06,17,43.75,16,40,15,GST-12
100803060002,CAMLIN,"Camlin White Board Marker, Plastic Body, Black - 7268016",PCS,28,38,25,1,38,25,35.42,24,29.55,22,22.5,20,GST-12
100803060003,CAMLIN,"Camlin White Board Marker, Plastic Body, Blue - 7268018",PCS,28,38,25,1,38,25,35.42,24,29.55,22,22.5,20,GST-12
100803060004,CAMLIN,"Camlin White Board Marker, Plastic Body, Green - 7268175",PCS,28,38,25,1,38,25,35.42,24,29.55,22,22.5,20,GST-12
100803060005,CAMLIN,"Camlin White Board Marker, Plastic Body, Red - 7268369",PCS,28,38,25,1,38,25,35.42,24,29.55,22,22.5,20,GST-12
100806100002,LUXOR,"921 Luxor Sign Pen, Fine Tip, Black, 10 Pc/Pack",PACK,120,26.53,98,10,26.53,98,24.21,95,24.21,95,20,90,GST-12
100806100003,LUXOR,"921 Luxor Sign Pen, Fine Tip, Blue, 10 Pc/Pack",PACK,120,26.53,98,10,26.53,98,24.21,95,24.21,95,20,90,GST-12
100202010153,WORKSTORE,Workstore ST1955 Binder Clip 19MM,PACK,29,34.78,23,1,34.78,23,31.82,22,31.82,22,25,20,GST-28
100202010152,WORKSTORE,Workstore ST 2555 BINDER CLIP 25MM,PACK,49,30,40,1,30,40,26.32,38,26.32,38,24.32,37,GST-28
100202010151,WORKSTORE,Workstore ST 3255 BINDER CLIP 32MM,PACK,69,32.14,56,1,32.14,56,29.63,54,29.63,54,25.49,51,GST-28
100202010150,WORKSTORE,Workstore ST 4155 BINDER CLIP 41MM,PACK,108,38.2,89,1,38.2,89,36.05,86,36.05,86,32.93,82,GST-28
100624010014,KORES,KORES MULTICOPY CARBON PAPER BLUE SIZE 210MM X 330100SHT/PK,PACK,195,29.88,165,100,29.02,163,28.14,161,27.69,160,27.69,160,GST-18
100203010009,CAMLIN,"Camlin Correction Fluid Pen, Metal Tip - 7700198",PCS,25,31.71,20.5,1,30,20,30,20,26.32,19,26.32,19,GST-18
100202020131,WORKSTORE,Workstore ST 4545 Colored Paper Clips,PACK,35,36.51,25.2,1,36,25,33.33,24,30.43,23,27.27,22,GST-28
100202030031,STANDARD,Bright Silvery High Plated Paper Pins 50 gms/Pack,PACK,30,34.62,26,1,34.62,26,32,25,29.17,24,26.09,23,GST-18
100202040076,WORKSTORE,Workstore ST-1545 Colored Push Pins,Pack,35,44.25,28.7,1,38.46,26,36,25,33.33,24,30.43,23,GST-18
100202040077,WORKSTORE,Workstore ST-2545 Colored Push Pins,Pack,65,38.17,54.99,1,32,50,29.17,48,29.17,48,29.17,48,GST-18
100202050048,STANDARD,Lera Rubber Band 45Gms Assorted sizes,PACK,30,44.44,21.6,1,44.44,21.6,36.84,19,36.84,19,36.84,19,GST-12
100202050013,WORKSTORE,Workstore Rubber Bands 4 Inch 500 gm/ Pck,PACK,300,49.07,216,1,49.07,216,49.07,216,40.54,185,35.29,170,GST-12
100202050031,WORKSTORE,Workstore Rubber Bands 2 Inch 500 gm/Pck,PACK,300,49.07,216,1,49.07,216,49.07,216,40.54,185,35.29,170,GST-12
100202050015,STANDARD,Nylon Rubber Band 2 inch Assorted Colours 500 gm/Pk,PACK,380,34.21,273.6,1,34.21,273.6,34.21,273.6,30.77,260,29.41,255,GST-12
100202050014,STANDARD,Nylon Rubber Band 4 inch Assorted Colours 500 gm/Pk,PACK,380,34.21,273.6,1,34.21,273.6,34.21,273.6,30.77,260,29.41,255,GST-12
100211010022,CAMEL,CAMLIN/KORES STAMP PAD INK VIOLET 25 ML - 7612451,PCS,30,26.92,26,1,24,25,24,25,20.83,24,20.83,24,GST-12
10046049,WORKSTORE,Workstore Stamp Pad WS102 Small (88x54MM) Violet Color,PCS,30,54.17,24,1,47.62,21,45,20,42.11,19,38.89,18,GST-18
10046048,WORKSTORE,Workstore Stamp Pad WS101 Medium (108x65MM) Violet Color,PCS,40,51.52,33,1,40.74,27,38.46,26,33.33,24,33.33,24,GST-18
100626010006,STANDARD,Transparent Lamination Sheet (A4) 125 Micron 100Pcs/Pck,PACK,"1,000.00",41.33,750,100,38.89,720,33.33,660,32.31,650,30.16,630,GST-18
100207010031,FEVICOL,Fevicol Mr Easy Flow (Squezee Bottle) 100 G,PCS,60,12,50,1,12,50,12,50,8.33,48,8.33,48,GST-18
100207010041,FEVIKWIK,Fevikwik Super Glue 3 G,Pcs,30,14,25,1,14,25,14,25,10.42,24,10.42,24,GST-18
100207020066,WORKSTORE,Workstore ST-1515 15GMS GLUE STICK,PCS,35,55.17,29,1,50,26,40.91,22,35,20,31.58,19,GST-18
100207020067,WORKSTORE,Workstore ST-0815 08GMS GLUE STICK,PCS,25,52.63,19,1,47.06,17,40,15,35.71,14,30.77,13,GST-18
100616030094,WORKSTORE,"SF40035, Stickies-Yellow Notess, Size 1.5 x 2"", 100 Sheets/P",PACK,25,53.66,20.5,1,52.5,20,50,19,47.22,18,44.12,17,GST-18
100616030095,WORKSTORE,"SF40036, Stickies-Yellow Notess, Size 2x3"", 100 Sheets/Pack",PACK,35,65.16,28.7,1,62.26,26.5,50,20,47.37,19,44.44,18,GST-18
100616030096,WORKSTORE,SF40037; Stickies-Yellow Notess; Size 3x3; 100 Sheets/Pack,PACK,45,62.06,36.9,1,58.82,34,50,28,46.15,26,41.67,24,GST-18
100616030097,WORKSTORE,SF40038 Stickies Yellow Notes Size 3x4 100 Sheets/Pack,PACK,60,65.45,49.2,1,62.22,45,50,34,46.88,32,41.38,29,GST-18
100616030098,WORKSTORE,SF40039; Stickies-Yellow Notess; Size 3x5; 100 Sheets/Pack,PACK,75,67.48,61.5,1,65.52,58,50,40,47.37,38,42.86,35,GST-18
100616030089,3M,"3M Post-it IA810171107 Notes 3"" x 3"" 100 Sheets/Notes",PCS,70,30.83,58,1,30.83,58,28.36,56,25.7,54,25.7,54,GST-18
10046052,STANDARD,Color Flags 1.2 x 4.5 cm 5 color,PCS,60,37.5,40,1,34.21,38,30.56,36,30.56,36,28.57,35,GST-18
100204010093,WORKSTORE,Workstore ST-7242 JUMBO MULTIPURPOSE CUTTER,PCS,39,57.14,28,1,57.14,28,52,25,42.86,21,36.84,19,GST-12
100204010094,WORKSTORE,Workstore ST-6242 MULTIPURPOSE CUTTER,PCS,19,50,14,1,50,14,41.67,12,41.67,12,36.36,11,GST-12
100208010001,KANGARO,"Kangaro DP-280 Paper Punch, Caapacity 11 Sheets, Dia. 5.50 M",PCS,130,38.68,105,1,38.68,105,34.96,99,30.76,93,27.65,89,GST-18
100208010003,KANGARO,"Kangaro DP-500 Paper Punch, Caapacity 22 Sheets, Dia. 5.50 M",PCS,230,39.86,190,1,39.86,190,35.81,178,32.39,169,28.59,160,GST-18
100208010012,KANGARO,"Kangaro DP-600 Paper Punch, Capacity 22 Sheets, Dia. 5.50 M",PCS,225,39.75,185,1,39.75,185,35.95,174,32.86,166,28.09,155,GST-18
100208010015,KANGARO,"Kangaro DP-800 Paper Punch, Capacity 63 Sheets, Dia. 5.50 M",PCS,"1,985.00",37.73,"1,612.80",1,37.73,"1,612.80",35.21,"1,550.00",30.74,"1,450.00",28.26,"1,400.00",GST-18
100210010220,WORKSTORE,Workstore ST-6676 132MM EASY GRIP SCISSOR,PCS,55,45,40,1,38.89,36,31.25,32,31.25,32,31.25,32,GST-18
100210010221,STANDARD,Goodmake ST-8676 Big scissors,PCS,109,45,85.45,1,41.25,80,34.72,72,34.72,72,34.72,72,GST-18
100210010222,WORKSTORE,Workstore ST-7676 178MM EASY GRIP SCISSOR,PCS,99,45,72.73,1,41.18,68,35.48,62,35.48,62,35.48,62,GST-18
100212010017,KANGARO,Kangaro Staple Pins No.10 20 Pack/Box,BOX,240,36.84,190,20,36.84,190,33.33,180,31.43,175,29.41,170,GST-18
100212010023,KANGARO,Kangaro Staple Pins No 24/6 20 Pack/Box,BOX,500,36.67,400,20,36.67,400,34.2,385,30.59,365,28.64,355,GST-18
100212010009,KANGARO,Kangaro Chisel Point Staple Pins No 23/17-H 1000 Pins/Pck,PACK,66,36.04,55,1,36.04,55,33.62,53,31.02,51,28.2,49,GST-18
100212020005,KANGARO,Kangaro SR-100 Plastic Body Staple Remover 10 24/6 26/6,PCS,75,40.62,62,1,40.62,62,37.6,59,34.25,56,29.2,52,GST-18
100212040045,KANGARO,"Kangaro No 10, HS-R10 / HD-10 Stapler, 10 Sht, No 10 Staple",PCS,75,45.16,62,1,45.16,62,41.37,58,35.84,53,30.6,49,GST-18
100212040007,KANGARO,"Kangaro Stapler HS-10D / HD-10D, 10 Sheets, No 10 Staple",PCS,124,36.33,100,1,36.33,100,36.33,100,32.98,95,30.8,92,GST-18
100212040012,KANGARO,"Kangaro HS-45P Stapler,Capacity 30Sht,24/6-26/6 Staple",PCS,180,37.22,146,1,37.22,146,36.79,145,32.1,135,29.49,130,GST-18
100212040005,KANGARO,Kangaro HP-45 Stapler Capacity 30 Sheets 24/6-26/6 Staple,PCS,335,37.23,280,1,37.23,280,34.9,270,32.4,260,29.69,250,GST-18
100214010033,WORKSTORE,WORKSTORE BROWN TAPE SIZE 48MM (2 INCH) 50METERS LENGTH OR SIMILAR,PCS,60,40,45,1,40,45,32.5,40,30.77,39,28.95,38,GST-18
100214010038,WORKSTORE,WORKSTORE BROWN TAPE SIZE 72MM (3 INCH) 50 METERS LENGTH OR SIMILAR,PCS,80,39.39,66,1,39.39,66,31.03,58,29.82,57,28.57,56,GST-18
100214020011,DEER,"YELLOW DOUBLE-SIDED FOAM TAPE WIDTH 24 MM(1"" INCH) OR SIMILAR",PCS,32,42.84,26.24,1,42.31,26,42.31,26,37.5,24,31.82,22,GST-18
100214040003,OMEGA,OMEGA 1773 MINI TAPE DISPENSER (FOR TAPES SIZE 0.5 INCH) OR SIMILAR,PCS,69,9.42,49.68,1,9.42,49.68,9.42,49.68,9.42,49.68,9.42,49.68,GST-18
100214040064,STANDARD,CELLO TAPE DISPENSER BIG (FOR TAPES TILL 1 INCH SIZE) OR SIMILAR,PCS,220,52.65,158.4,1,48.28,145,46.43,140,46.43,140,42.31,130,GST-18
100214050001,3M,"3M Scotch Magic Tape Dispenser, Tape Width 19 MM x 33 MTRS",PCS,150,31.2,125,1,31.2,125,28.33,120,25.22,115,25.22,115,GST-18
10055032,STANDARD,GOOD MAKE MASKING TISSUE TAPE 1 INCH X 15 MTR ( PACK OF 6) PACK of 1,PACK,300,50,240,6,45.45,220,40,200,33.33,180,33.33,180,GST-18
100214060030,WONDER,"Wonder Transparent BOPP Tape, Width 0.5 Inch x 50 Mtrs Roll",PCS,10,39.02,8.2,1,37.5,8,28.57,7,28.57,7,28.57,7,GST-18
100214060096,WORKSTORE,WORKSTORE TRANSPARENT TAPE SIZE 24MM (1 INCH),PCS,30,33.33,21,1,33.33,21,30,20,30,20,26.32,19,GST-18
100214060097,WORKSTORE,WORKSTORE TRANSPARENT TAPE SIZE 48MM (2 INCH) 50 METERS LENGTH OR SIMILAR,PCS,60,40,45,1,40,45,32.5,40,30.77,39,28.95,38,GST-18
100214060128,WORKSTORE,"WORKSTORE TRANSPARENT TAPE, 72MM (3 INCH) X 50 METERS LENGTH OR SIMILAR",PCS,80,39.39,66,1,39.39,66,31.03,58,29.82,57,28.57,56,GST-18
100605010017,WORKSTORE,"MULTIPURPOSE PRINTING PAPER 75 GSM, A4 SIZE(500 SHEETS/ REAM) OR SIMILAR",PACK,240,26.67,225,1,25,220,23.61,216,22.17,212,20.29,207,GST-12
100605010131,WORKSTORE,"ECO FRIENDLY PRINTING PAPER 70 GSM, A4 SIZE (500 SHEETS/ REAM) OR SIMILAR",PACK,220,27.91,215,1,26.19,210,24.76,206,23.27,202,20.92,196,GST-12
100605010023,JK,"JK Copier Paper, 75 GSM, A3, WWhite, 500 Sheets/Ream",PACK,570,17.86,560,1,17.86,560,16.36,550,15.6,545,14.81,540,GST-12
100605010220,BINDAL,Bindal Copier Paper A3 Size 75 GSM 500 Sheets,PACK,490,32.65,490,1,31.25,480,29.79,470,28.26,460,26.67,450,GST-12
10046847,BINDAL,"BINDAL PRINTING PAPER 80 GSM, A4 SIZE(500 SHEETS/ REAM) OR SIMILAR",PACK,285,25.53,235,1,24.57,232,22.57,226,21.88,224,20.45,220,GST-12
100605010018,JK,"JK Copier Paper, 75 GSM, A4, WWhite, 500 Sheets/Ream",PACK,285,16.67,276,1,16.67,276,15.44,272,14.81,270,14.18,268,GST-12
100605010019,JK,JK copier paper 75 GSM Fullscape size (500 shts ream,PACK,340,20.29,345,1,20.29,345,19.12,340,17.91,335,16.67,330,GST-12
10048362,JK,JK Excel Bond Paper 80GSM A4 (500 sheets/Ream),PACK,385,19.77,349,1,19.77,349,18.84,345,17.65,340,16.42,335,GST-12
100605010165,JK,JK ledger paper ream 80 GSM FS size(21.5x34.5cm),Ream,425,21.05,380,1,21.05,380,20,375,18.7,369,17.58,364,GST-12
100904020003,STANDARD,Plastic Bubble-Wrap Sheet Size 40inchx100 mts Roll (Thick),Roll,"3,500.00",60.42,"2,400.00",1,58.7,"2,300.00",52.5,"2,000.00",47.22,"1,800.00",40.63,"1,600.00",GST-18
100402010167,STANDARD,Business Card Holder SF30029 480 Cards Blue Color File,PCS,168,46.15,130,1,44,125,30,100,30,100,30,100,GST-18
100205040069,OMEGA,Omax /Omega 1739/S Deluxe Plastic Office Tray With Riser Grey 3/Set,PCS,900,28.99,690,1,28.99,690,27.94,680,25.76,660,25.76,660,GST-18
10052443,OMAX,OMAX/PRIME PLASTIC DOCUMENT TRAY 4 Tier set ( 4 PCS SET),SET,750,42.31,520,1,41.18,510,38.78,490,34.78,460,31.82,440,GST-18
100205090181,WORKSTORE,Workstore ST-8080 ROUND PLASTIC PEN STAND,PCS,85,34.64,61.2,1,32.2,59,28.57,56,28.57,56,28.57,56,GST-18
100205090183,WORKSTORE,Workstore ST-7080 MULTIFUNCTIONAL PEN STAND,PCS,125,35.56,90,1,32.95,86.5,30.12,83,30.12,83,30.12,83,GST-18
10045813,WORKSTORE,Workstore Plastic keychain with name Tag (Pack of 20 Pcs),PACK,100,51.28,78,20,47.22,72,40.63,64,40.63,64,40.63,64,GST-18
100623090046,STANDARD,Long Exercise Soft bound 30451 Notebook,PCS,50,36.36,44,1,36.36,44,33.33,42,30,40,26.32,38,GST-12
100623050834,WORKSTORE,SF40050 WIRO NOTEBOOK A5 100PGS 60GSM,PCS,50,48.65,37,1,48.65,37,45.71,35,40.63,32,36.67,30,GST-18
100623050833,WORKSTORE,SF40049 WIRO NOTEBOOK B5 100PGS 60GSM,PCS,60,41.67,48,1,41.67,48,37.78,45,33.33,42,28.21,39,GST-18
100623050736,WORKSTORE,SF40030 WIRO NOTEBOOK A4 100PGS 60GSM,PCS,80,44.78,67,1,44.78,67,43.08,65,38.33,60,35.09,57,GST-18
100623050569,WORKSTORE,Wiro 5 Subject notebook 300 Pages PP black Size A5,PCS,220,40.48,210,1,40.48,210,40.48,210,37.5,200,34.21,190,GST-12
100623050771,WORKSTORE,"SF40034, One Sub Exe Nbk with Half Title, 160 Pgs, 70gsm, A",PCS,99,26.14,88,1,26.14,88,26.14,88,26.14,88,26.14,88,GST-12
100623040317,WORKSTORE,SF40044 Eco Notepad 1/8 40 Shheets 1Piece,PCS,30,51.22,24.6,1,51.22,24.6,51.22,24.6,48.94,23.5,47.83,23,GST-18
100623040320,WORKSTORE,SF40043 Eco Notepad 1/6 40 Shheets 1Piece,PCS,40,51.22,32.8,1,51.22,32.8,51.22,32.8,48.39,31,46.67,30,GST-18
100623040319,WORKSTORE,SF40042 Eco Notepad 1/4 40 Shheets 1Piece,PCS,50,31.71,41,1,31.71,41,31.71,41,28.21,39,24.32,37,GST-18
100623040046,WORKSTORE,Conference Pad; Corporate; 20 pgs; 60gsm paper; A5 6 Pcs,PACK,90,33.33,72,6,33.33,72,33.33,72,33.33,72,27.27,66,GST-18
100608010119,STANDARD,"Brown Paper Envelopes, 70 Gsm, Gsm, 12"" X 10"", 50 Pc/Pk",PACK,180,47.37,228,50,44.44,216,39.39,198,35.48,186,31.03,174,GST-18
100608010336,STANDARD,"Brown Paper Envelopes, 80 gsm,, 16"" x 12"", 25 pc/pk",PACK,160,47.37,199.5,25,44.44,189,39.39,173.25,35.48,162.75,31.03,152.25,GST-18
100608010092,STANDARD,Goodmake Brown Paper Envelopes 80 Gsm 9.5 X 4.5 50pc/pk,PACK,75,47.37,77.9,25,44.44,73.8,39.39,67.65,35.48,63.55,31.03,59.45,GST-18
100608010030,STANDARD,"Goodmake White Paper Envelp, 70 Gsmm, 9.5"" X 4.5"",50 Pc/Pk",PACK,75,47.37,77.9,50,44.44,73.8,39.39,67.65,35.48,63.55,31.03,59.45,GST-18
100608010108,STANDARD,"White Paper Envelopes, 80 gsm,, 12"" x 10"", 50 Pc/Pk",PACK,180,50,200,50,50,200,44.44,180,41.18,170,33.33,150,GST-18
100608010180,STANDARD,"Goodmake White Paper Envelopes, 80 Gsm,16” X 12”,25 pcs/pack",PACK,175,47.37,218.5,25,44.44,207,39.39,189.75,35.48,178.25,31.03,166.75,GST-18
10054982,STANDARD,"WORKSTORE GENERIC GREEN CLOTHLINED ENVELOPE SIZE 12""X10""(PACK OF 100 PC) PACK of 1",PACK,900,47.37,883.5,100,44.44,837,39.39,767.25,35.48,720.75,31.03,674.25,GST-18
10054984,STANDARD,"WORKSTORE GENERIC GREEN CLOTHLINED ENVELOPE SIZE 12""X16""(PACK OF 100 PC) PACK of 1",PACK,"1,300.00",47.37,"1,387.00",100,44.44,"1,314.00",39.39,"1,204.50",35.48,"1,131.50",31.03,"1,058.50",GST-18
100623070014,STANDARD,Goodmake C-Ruled Register-55Gsm-1 QQuire,PCS,50,37.5,40,1,37.5,40,34.21,38,30.56,36,26.47,34,GST-18
100623070015,STANDARD,Goodmake C-Ruled Register-55Gsm-2 QQuire,PCS,99,37.5,80,1,37.5,80,34.21,76,30.56,72,26.47,68,GST-18
100623070016,STANDARD,Goodmake C-Ruled Register-55Gsm-3 QQuire,PCS,149,37.5,120,1,37.5,120,34.21,114,30.56,108,26.47,102,GST-18
100623070011,STANDARD,Goodmake C-Ruled Register 4 Quire FF/S,PCS,199,37.5,160,1,37.5,160,34.21,152,30.56,144,26.47,136,GST-18
100623070184,STANDARD,C-Ruled Register 5 Quire F/S,PCS,245,37.19,199,1,37.19,199,34.21,190,30.56,180,26.47,170,GST-18
100623070209,STANDARD,Goodmake C-Ruled Register-55Gsm-6 QQuire F/S,PCS,299,37.5,240,1,37.5,240,34.21,228,30.56,216,26.47,204,GST-18
100623070125,STANDARD,"4 Quire Inward Register, Full Size",PCS,360,39.02,295.2,1,39.02,295.2,34.31,274,32.08,265,26.23,244,GST-18
100623070126,STANDARD,"4 Quire Outward Register, Full Size",PCS,360,39.02,295.2,1,39.02,295.2,34.31,274,32.08,265,26.23,244,GST-18
100623070161,STANDARD,Goodmake Attendance Register Size 340 x 200mm,PCS,250,44.44,180,1,44.44,180,41.18,170,37.5,160,33.33,150,GST-18
100401010126,WORKSTORE,WORKSTORE 30003 LEVER ARCH BOX FILE SIZE FULLSCAPEIMPORTED CLIP OR SIMILAR,PCS,125,44.44,99,1,42.11,95,37.5,88,31.25,80,26.67,75,GST-18
100401010148,WORKSTORE,WORKSTORE 30015 CARDBOARD INDEX BOX FILE WITH KANGARO CLIP F/S SIZE OR SIMILAR,PCS,135,45.38,119,1,43.48,115,38.1,105,32.29,96,26.97,89,GST-18
100401010129,WORKSTORE,WORKSTORE 30006 PVC LAMINATED LEVER ARCH BOX FILF/S OR SIMILAR,PCS,160,46.04,139,1,43.18,132,41.41,128,36.97,119,31.82,110,GST-18
100401010151,WORKSTORE,WORKSTORE 30017 PVC LAMINATED LEVER ARCH BOX FILEF/S WITH KANGARO CLIP OR SIMILAR,PCS,180,46.31,149,1,43.66,142,41.61,137,36.51,126,32.2,118,GST-18
100401010178,WORKSTORE,WORKSTORE 30065 CARDBOARD BOX FILE VOUCHERSIZE OR SIMILAR,PCS,85,43.82,89,1,41.86,86,39.02,82,35.9,78,32.43,74,GST-18
100402010166,STANDARD,Business Card Holder SF30028 240 Cards Assorted Color File,PCS,120,46.24,93,1,44.44,90,35.9,78,30.56,72,30.56,72,GST-18
100408020102,WORKSTORE,PLASTIC TRANSPARENT REPORT FILE - A4 SIZE OR SIMILAR,PCS,40,47.53,32.4,1,43.33,30,37.04,27,37.04,27,32,25,GST-18
100408020103,WORKSTORE,Workstore Report File - FC Assorted,PCS,50,52.02,39.6,1,50,38,34.48,29,34.48,29,29.63,27,GST-18
100409020219,WORKSTORE,DRing Binder 24 MM A4 size Assrtd color,PCS,120,35.48,93,1,32.58,89,32.58,89,28.57,84,25,80,GST-18
100408050142,STANDARD,DOCUMENT MY CLEAR BUTTON BAG FOLDER (SIZE F/S) OR SIMILAR,PCS,35,34.62,26,1,34.62,26,34.62,26,29.17,24,24.44,22.5,GST-18
100405010037,STANDARD,CARDBOARD FILE DIVIDER SIZE 1/8 ASSORTED COLOR ( PACK OF 100) OR SIMILAR,PACK,200,34.48,145,100,34.48,145,29.63,135,29.63,135,24,125,GST-18
100405010035,STANDARD,PVC File Dividers Index 1-12 150 x 230 mm 12 Sheets/Set,SET,70,40.48,50.4,1,40.48,50.4,28.57,42,25,40,25,40,GST-18
100405010097,STANDARD,Pre-P PVC File Dividers IndexA-Z Size A4 18/Set,SET,125,48.89,90,1,42.5,80,32.35,68,29.23,65,29.23,65,GST-18
10051040,WORKSTORE,Workstore WSSF-42 Transparent A-4 Strip Folder(Pck of 10),PCs,250,52.78,180,10,52.78,180,46.88,160,43.33,150,32,125,GST-18
100408070106,WORKSTORE,WORKSTORE L FOLDER-A4 SIZE TRANSPARENT COLOR (PACK OF 20) OR SIMILAR,PACK,199,41.94,155,20,40,150,37.93,145,35.71,140,33.33,135,GST-18
100408070111,WORKSTORE,WORKSTORE L FOLDER-FULLSCAPE SIZE TRANSPARENTCOLOR (PACK OF 20) OR SIMILAR,PACK,240,42.11,190,20,38.89,180,38.89,180,37.14,175,33.33,165,GST-18
100408070061,STANDARD,MORACCO L FOLDER TRANSPARENT SIZE A4 OR SIMILAR,PCS,22,41.18,17,1,41.18,17,37.5,16,37.5,16,33.33,15,GST-18
100408090058,WORKSTORE,Transparent Polypropylene Sheet Protector A/4 100Pcs/Pk,PACK,500,68.75,320,100,65.52,290,60,250,56.52,230,50,200,GST-18
101904010003,STANDARD,Good Make Sheet Protector Thick - (Pack Of 50),PACK,300,43.75,240,50,41.3,230,38.64,220,35.71,210,32.5,200,GST-18
100408090057,WORKSTORE,Transparent Polypropylene Sheet Protector F/S 100Pcs/Pk,PACK,600,67.5,400,100,63.89,360,60,325,56.67,300,53.57,280,GST-18
100403010041,WORKSTORE,WORKSTORE PREMIUM COBRA SPRING FILE 550 GSM OR SIMILAR,PCS,30,34.78,23,1,34.78,23,31.82,22,31.82,22,28.57,21,GST-18
100403010066,WORKSTORE,WORKSTORE ECO COBRA SPRING FILE 450 GSM OR SIMILAR,Pcs,25,34.21,19,1,34.21,19,30.56,18,30.56,18,26.47,17,GST-18
100302050058,WORKSTORE,Workstore ST-3333 MAGNETIC BOAARD DUSTER BIG SIZE,PCS,79,50,66,1,45,60,41.07,56,36.54,52,31.25,48,GST-18
100302050044,OMAX,Omax Non Magnetic White Board Duster Art No.333,PCS,39,48.48,33,1,45.16,31,41.38,29,37.04,27,32,25,GST-18
100302050057,WORKSTORE,Workstore ST-1333 BOARD DUSTERR SMALL SIZE,PCS,39,46.84,31.98,1,43.33,30,39.29,28,34.62,26,29.17,24,GST-18
100302010005,STANDARD,"Magnetic Buttons;Round Shape;Dia. 30 mm;Assorted,6 Pcs/pack",PACK,60,44.44,45,6,37.5,40,30.56,36,30.56,36,24.24,33,GST-18
100101050030,ODDY,Oddy/Prime Flip chart calender type white (Roll of25 sheets),PCS,299,26.53,245,25,26.53,245,25,240,25,240,25,240,GST-18
100603010008,STANDARD,"Art Paper Chart Paper, Size 228 x 30, Colour White",PCS,15,40,10,1,40,10,33.33,9,33.33,9,25,8,GST-12
200101010025,DURACELL,Duracell MN2400 Alkaline battery AAA 1.5V 2Pc/Pk 81558283,PACK,100,24.79,80,2,24.79,80,22.86,78,20.83,76,19.77,75,GST-18
200101010021,DURACELL,Duracell MN1500 Alkaline batteryAA(LR6)1.5V 2Pc/Pk 8155828,PACK,100,24.79,80,2,24.79,80,22.86,78,20.83,76,19.77,75,GST-18
102301010002,DURACELL,Duracell AA8 Alkaline Battery (Pack of 8 pcs) - 81580461,PACK,350,27.38,290,8,27.38,290,25.32,282,24.25,278,22.58,272,GST-18
102301010003,DURACELL,Duracell AAA4 Alkaline Battery (Pack of 4 pcs)- 81580463,PACK,190,26.72,156,4,26.72,156,24.79,152,23.79,150,22.76,148,GST-18
200101010062,DURACELL,Duracell MN1604 Alkaline battery 9V 2 Pcs/Pack 82229985,PACK,500,28.37,420,2,26.62,410,26.62,410,24.79,400,22.86,390,GST-18
10059142,DURACELL,"DURACELL CHOTA POWER AAA (LR03) 1.5V, 10 PC/PACK",PACK,220,26.92,182,10,26.92,182,25.28,178,25.28,178,25.28,178,GST-18
10059143,DURACELL,"DURACELL CHOTA POWER AA (LR03) 1.5V, 10 PC/PACK",PACK,220,26.92,182,10,26.92,182,25.28,178,25.28,178,25.28,178,GST-18
200101010015,EVEREADY,Eveready 1015 Heavy Duty battery AA/R06 1.5 V,PCS,18,16.67,15,1,16.67,15,16.67,15,16.67,15,16.67,15,GST-18
201601010099,CASIO,"Casio Calculator MJ-120 D, 12 Digit",PCS,535,15.08,450,1,14.13,445,14.13,445,13.15,440,13.15,440,GST-18
101501010009,CHROME,Chrome Standard 12 digit calcuulator - 9231B,PCS,310,40.99,254.2,1,38.78,245,36.17,235,36.17,235,35.34,232,GST-18
10045690,3M,3M Scotch Brite Two-in-One Scrrub Sponge (Pack of 2),PACK,88,20.37,54,2,20.37,54,20.37,54,20.37,54,20.37,54,18.00%
10045691,3M,"3M Scotch Brite Pad 4""x6"" (Pacck of 4)",PACK,160,30.1,103,4,30.1,103,30.1,103,30.1,103,30.1,103,18.00%
10045692,3M,"3M Scotch Brite Pad 3""x4"" (Pacck of 4)",PACK,76,32.08,53,4,32.08,53,32.08,53,32.08,53,32.08,53,18.00%
100501220033,3M,"Red Scrubbing Pad 17""1*5 5 Pc Pack",PACK,"3,494.00",29.62,2840,5,29.62,2840,29.62,2840,29.62,2840,29.62,2840,18.00%
10054128,STANDARD,STANDARD DYNA BUCKET 12 LTRS,PCS,160,21.43,140,1,21.43,140,21.43,140,21.43,140,21.43,140,18.00%
10054129,STANDARD,STANDARD DYNA BUCKET 15 LTRS,PCS,299,34.69,245,1,34.69,245,34.69,245,34.69,245,34.69,245,18.00%
10054130,STANDARD,STANDARD DYNA BUCKET 18 LTRS,PCS,325,36,250,1,36,250,36,250,36,250,36,250,18.00%
10054131,STANDARD,STANDARD DYNA MUG,PCS,55,34.21,38,1,34.21,38,34.21,38,34.21,38,34.21,38,18.00%
10054132,STANDARD,STANDARD SAFARI JALI GARBAGE BUCKET 11 LTRS,PCS,199,27.59,145,1,27.59,145,27.59,145,27.59,145,27.59,145,18.00%
10054134,STANDARD,STANDARD GARBAGE BUCKET WITHOUT LID 7 LTRS,PCS,79,15,66.65,1,15,66.65,15,66.65,15,66.65,15,66.65,18.00%
10054135,STANDARD,STANDARD DYNA PEDAL DUSTBIN PLAIN 11 LTRS,PCS,250,24.62,199,1,24.62,199,24.62,199,24.62,199,24.62,199,18.00%
10054136,STANDARD,STANDARD SWING BIN 60 LTRS,PCS,732,40,616.67,1,40,616.67,40,616.67,40,616.67,40,616.67,18.00%
10054501,AURA,AURA LAVENDER ROOM FRESHNER 300 ML PCS - 1,PCS,120,35,100,1,35,100,35,100,35,100,35,100,18.00%
10054502,AURA,AURA DESIRE ROOM FRESHNER 300 ml PCS - 1,PCS,120,35,100,1,35,100,35,100,35,100,35,100,18.00%
10054504,AURA,AURA IMPRESSION ROOM FRESHNER 300 ML PCS - 1,PCS,120,35,100,1,35,100,35,100,35,100,35,100,18.00%
10054503,AURA,AURA CHANDAN ROOM FRESHNER 300 ml PCS - 1,PCS,120,35,100,1,35,100,35,100,35,100,35,100,18.00%
10055521,BUZIL,BUZIL INFEKTOCIDE DISINFECTANT BR 502 (5 LITER x 4 CANS =20 LITER)BOX,CASE,"21,999.00",35,17230.77,4,35,17230.77,35,17230.77,35,17230.77,35,17230.77,18.00%
10055956,BUZIL,BUZIL ROSS SANPRO HAND SANITIZER LIQUID 500 ML PACK of 1,PACK,499,35,215.38,1,35,215.38,35,215.38,35,215.38,35,215.38,18.00%
10056507,BUZIL,BUZIL INFEKTOCIDE DISINFECTANT BR 502 ONE CANOF 5 LITER,CAN,"5,499.00",35,3551.69,1,35,3551.69,35,3551.69,35,3551.69,35,3551.69,18.00%
10056508,BUZIL,BUZIL ROSA DC 5 LTR CAN - 1,CAN,"2,999.00",35,2492.31,1,35,2492.31,35,2492.31,35,2492.31,35,2492.31,18.00%
10056509,BUZIL,BUZIL SANPRO HAND SANITIZER LIQUID 5 LTR (PACK OF 4 CAN),PACK,"15,999.00",35,7384.62,4,35,7384.62,35,7384.62,35,7384.62,35,7384.62,18.00%
10056515,BUZIL,BUZIL SODIUM HYPOCHLORITE 5% 5 LTR CAN - 1,CAN,699,35,538.46,1,35,538.46,35,538.46,35,538.46,35,538.46,18.00%
10056577,BUZIL,BUZIL SANPRO HAND SANITIZER LIQUID 5 LTR CAN / SINGLE PACK of 1,PACK,999,35,553.85,1,35,553.85,35,553.85,35,553.85,35,553.85,18.00%
10049587,C&W,Ultra Care Liquid Handwash Original 5 Litre Can,CAN,570,42.22,450,1,42.22,450,42.22,450,42.22,450,42.22,450,18.00%
10049588,C&W,Ultra Care Liquid Handwash Musky Melon 5 Litre Can,CAN,570,42.22,450,1,42.22,450,42.22,450,42.22,450,42.22,450,18.00%
10051169,C&W,C&W Oxo-Biodegradable Garbage Bag Black 19X21 Pack of 30,PACK,95,70,80,1,70,80,70,80,70,80,70,80,18.00%
10051170,C&W,C&W Oxo-Biodegradable Garbage Bag Black 30X40 Pack of 10,PACK,200,70.27,185,1,70.27,185,70.27,185,70.27,185,70.27,185,18.00%
10051171,C&W,C&W Oxo-Biodegradable Garbage Bag Black 30X50 Pack of 10,PACK,250,70.18,228,1,70.18,228,70.18,228,70.18,228,70.18,228,18.00%
10051175,C&W,C&W Oxo-Biodegradable Garbage Bag Green 19X21 Pack of 30,PACK,95,70,80,1,70,80,70,80,70,80,70,80,18.00%
10051176,C&W,C&W Oxo-Biodegradable Garbage Bag Green 30X40 Pack of 10,PACK,200,70.27,185,1,70.27,185,70.27,185,70.27,185,70.27,185,18.00%
10051177,C&W,C&W Oxo-Biodegradable Garbage Bag Green 30X50 Pack of 10,PACK,250,70.18,228,1,70.18,228,70.18,228,70.18,228,70.18,228,18.00%
100503010053,C&W,"C-Fold Towel, 21 x 32 cms, Whiite, 150 Pulls, 20 pack/Case",CASE,"1,865.00",46.76,1700,20,46.76,1700,46.76,1700,46.76,1700,46.76,1700,18.00%
100503020046,C&W,C&W Facial Tissue 2ply 100 Pulls Per pack,PACK,85,50,68.75,1,50,68.75,50,68.75,50,68.75,50,68.75,18.00%
100503020047,C&W,C&W Facial Tissue 2ply 100 Pulls per pack (Pack of 4),PACK,340,50,261.25,4,50,261.25,50,261.25,50,261.25,50,261.25,18.00%
100503030039,C&W,"M-Fold Towel, 21 x 21 cms, Whiite, 150 Pulls, 20 pack/Case",CASE,"1,610.00",45,1300,20,45,1300,45,1300,45,1300,45,1300,18.00%
100503060088,C&W,"Toilet Rolls 100gms, 10x11cms,, 35gsm, 2 Ply, 20 Rolls Pack",CASE,920,45.54,569.25,20,45.54,569.25,45.54,569.25,45.54,569.25,45.54,569.25,18.00%
100503060089,C&W,"Toilet Rolls 150gms, 10x11cms,, 35gsm, 2 Ply, 20 Rolls Pack",CASE,"1,380.00",51.88,800,20,51.88,800,51.88,800,51.88,800,51.88,800,18.00%
100503090069,C&W,"Tissue Napkin, 30x30cms,18gsm,100pcs/pack,50 pack/ Case",CASE,"3,165.00",53.41,2200,50,53.41,2200,53.41,2200,53.41,2200,53.41,2200,18.00%
110301010001,C&W,"C&W Toilet Rolls 200gms 10x11ccms 35gsm, 2 Ply, 20 Rolls Pac",PACK,"1,600.00",51.25,1200,20,51.25,1200,51.25,1200,51.25,1200,51.25,1200,18.00%
100501110051,CHARNOCK,"Charnock CH15 Mop Wet cotton refill 6"" width, length 12""",PCS,210,40,175,1,40,175,40,175,40,175,40,175,18.00%
100501110052,CHARNOCK,"Charnock C13 Mop Wet Set 4.5ftt Alu Handle,refill 6""w 12""L",SET,690,15.92,584,1,15.92,584,15.92,584,15.92,584,15.92,584,18.00%
10049891,COLIN,Cleaning Liquid Colin 500ml,PCS,109,9.09,92.37,1,9.09,92.37,9.09,92.37,9.09,92.37,9.09,92.37,18.00%
10049630,DETTOL,Dettol Handwash Liquid 200 ml Dispenser Pump,PCS,79,8.89,66.95,1,8.89,66.95,8.89,66.95,8.89,66.95,8.89,66.95,18.00%
10049632,DETTOL,Dettol Fresh Original Hand Wash900 ml1pcs,PCS,149,8.93,126.27,1,8.93,126.27,8.93,126.27,8.93,126.27,8.93,126.27,18.00%
10049635,DETTOL,Dettol Original Handwash Liquid Refill Pouch 185gms,PCS,45,9.09,38.14,1,9.09,38.14,9.09,38.14,9.09,38.14,9.09,38.14,18.00%
10049693,DIVERSEY,Diversey HHTLEA1 TASKI R5 5Ltr x 2 Can / Case,CASE,"2,300.00",18,2397.9,2,18,2397.9,18,2397.9,18,2397.9,18,2397.9,18.00%
10059395,ECO LAB,ECO LAB OASIS COMPAC AIR FRESH (OC 5) (4 X 1 LTRS),CASE,-,18,9902.44,,18,9902.44,18,9902.44,18,9902.44,18,9902.44,
10049704,DIVERSEY,Diversey 6169974 TASKI R6 500 ml x 24 Pcs / Case,CASE,"1,760.00",18,2110.39,24,18,2110.39,18,2110.39,18,2110.39,18,2110.39,18.00%
10059396,ECO LAB,ECO LAB OASIS COMPAC TOILET BOWL CLEANER (OC 6) (2 X 5 LTRS),CASE,-,18,1646.34,,18,1646.34,18,1646.34,18,1646.34,18,1646.34,
10049708,DIVERSEY,Diversey 4058752 Suma Drain 5 Ltr x 2 Can,CASE,"2,039.00",18,2148.33,2,18,2148.33,18,2148.33,18,2148.33,18,2148.33,18.00%
TBC,ECO LAB,AUTOMATIC DRAIN RELIEF,CASE,-,18,6500.61,,18,6500.61,18,6500.61,18,6500.61,18,6500.61,
10049717,DIVERSEY,Diversey 7010018 Suma Det D1.2Y (2x5Ltr),CASE,"1,699.00",18,1676.72,2,18,1676.72,18,1676.72,18,1676.72,18,1676.72,18.00%
10060486,ECO LAB,OASIS ALL PURPOSE CLEANER (APC) (4 x 5 Ltrs),CASE,-,18,5405.49,,18,5405.49,18,5405.49,18,5405.49,18,5405.49,
10049720,DIVERSEY,Diversey 5982111 Emerel Plus (25x200ml),CASE,"6,335.00",18,5209.98,25,18,5209.98,18,5209.98,18,5209.98,18,5209.98,18.00%
TBC,ECO LAB,OASIS Lemon Eze (12 x 32 oz),CASE,-,18,8165.85,,18,8165.85,18,8165.85,18,8165.85,18,8165.85,
10049722,DIVERSEY,Diversey 7010075 Suma BAC D10 5Ltr x 2 Can / Case,CASE,"2,899.00",18,2465.79,2,18,2465.79,18,2465.79,18,2465.79,18,2465.79,18.00%
TBC,ECO LAB,OASIS 146 MULTI-QUAT,CASE,-,18,6919.76,,18,6919.76,18,6919.76,18,6919.76,18,6919.76,
10049723,DIVERSEY,Diversey 5721106 TASKI R3 Plus 1.5Ltr x 2 Can,CASE,"3,190.00",18,3248.58,2,18,3248.58,18,3248.58,18,3248.58,18,3248.58,18.00%
10059394,ECO LAB,ECO LAB OASIS COMPAC GLASS CLEANER (OC 3) (2 X 5 LTRS),CASE,-,18,3519.51,,18,3519.51,18,3519.51,18,3519.51,18,3519.51,
10049724,DIVERSEY,Cleaning Liquid JD Taski R1 Super Plus 2X1.5L Can 5721085,CASE,"2,160.00",18,2720.98,2,18,2720.98,18,2720.98,18,2720.98,18,2720.98,18.00%
10059774,ECO LAB,ECO LAB OASIS PRO 66 HEAVY DUTY ALKALINE BATHROOM CLEANER & DISINFECTANT (2 X 2 LTRS),CASE,-,18,3728.78,,18,3728.78,18,3728.78,18,3728.78,18,3728.78,
10049759,DIVERSEY,Diversey HHTLCA1 TASKI R3 5Ltr x 2 Can / Case,CASE,"3,025.00",18,3278.34,2,18,3278.34,18,3278.34,18,3278.34,18,3278.34,18.00%
10059394,ECO LAB,ECO LAB OASIS COMPAC GLASS CLEANER (OC 3) (2 X 5 LTRS),CASE,-,18,3519.51,,18,3519.51,18,3519.51,18,3519.51,18,3519.51,
10049760,DIVERSEY,Diversey HHTLFA1 TASKI R6 5Ltr x 2 Can / Case,CASE,"1,960.00",18,1701.35,2,18,1701.35,18,1701.35,18,1701.35,18,1701.35,18.00%
10059396,ECO LAB,ECO LAB OASIS COMPAC TOILET BOWL CLEANER (OC 6) (2 X 5 LTRS),CASE,-,18,1646.34,,18,1646.34,18,1646.34,18,1646.34,18,1646.34,
10049761,DIVERSEY,Diversey 7010054 Suma Multi 5Ltr (Pack of 2),CASE,"1,350.00",18,1335.95,2,18,1335.95,18,1335.95,18,1335.95,18,1335.95,18.00%
10060486,ECO LAB,OASIS ALL PURPOSE CLEANER (APC) (4 x 5 Ltrs),CASE,-,18,5405.49,,18,5405.49,18,5405.49,18,5405.49,18,5405.49,
10049767,DIVERSEY,Diversey HHTLRA1 TASKI TR101 5Ltr x 2 Can / Case,CASE,"3,035.00",18,3164.1,2,18,3164.1,18,3164.1,18,3164.1,18,3164.1,18.00%
10059606,ECO LAB,REVITALIZE CARPET SHAMPOO,CASE,-,18,8023.66,,18,8023.66,18,8023.66,18,8023.66,18,8023.66,
10049778,DIVERSEY,Diversey Taski R1 Super 2X5L Can HHTLAA1,CASE,"2,815.00",18,2817.49,2,18,2817.49,18,2817.49,18,2817.49,18,2817.49,18.00%
10059393,ECO LAB,ECO LAB OASIS COMPAC MULTIPURPOSE CLEANER & DISINFECTANT- OC 12 (2 X 5 LTRS),CASE,-,18.78,4900,,18.78,4900,18.78,4900,18.78,4900,18.78,4900,
10049779,DIVERSEY,Diversey Cleaning Liquid Taski R2 2X5L Can HHTLBA1,CASE,"2,255.00",18,2442.95,2,18,2442.95,18,2442.95,18,2442.95,18,2442.95,18.00%
10059393,ECO LAB,ECO LAB OASIS COMPAC MULTIPURPOSE CLEANER & DISINFECTANT- OC 12 (2 X 5 LTRS),CASE,-,18.78,4900,,18.78,4900,18.78,4900,18.78,4900,18.78,4900,
10049784,DIVERSEY,Diversey HHTLDA2 TASKI R4 5Ltr x 2 Can / Case,CASE,"4,655.00",18,4853.6,2,18,4853.6,18,4853.6,18,4853.6,18,4853.6,18.00%
10059775,ECO LAB,ECO LAB OASIS COMPAC FURNITURE POLISH (OC 4) (2 X 5 LTRS),CASE,-,18,17951.22,,18,17951.22,18,17951.22,18,17951.22,18,17951.22,
10049801,DIVERSEY,Cleaning Liquid JD Taski R7 2X5 Ltrs Can HHTLQA1,CASE,"1,050.00",18,1318.99,2,18,1318.99,18,1318.99,18,1318.99,18,1318.99,18.00%
10059397,ECO LAB,ECO LAB OASIS COMPAC NEUTRAL FLOOR CLEANER (OC 7) (2 X 5 LTRS),CASE,-,18,3512.2,,18,3512.2,18,3512.2,18,3512.2,18,3512.2,
10049815,DIVERSEY,Diversey HHRLAA1 ROZALEX 5 Ltr x 2 Can,CASE,840,18,1126.33,2,18,1126.33,18,1126.33,18,1126.33,18,1126.33,18.00%
TBC,ECO LAB,OASIS AB FRESH HANDS (2 x 5 Ltrs),CASE,-,18,1751.22,,18,1751.22,18,1751.22,18,1751.22,18,1751.22,
10049828,DIVERSEY,Diversey 5769126 Suma Tab D4 (10 X 100 gms),CASE,"2,499.00",18,2636.42,10,18,2636.42,18,2636.42,18,2636.42,18,2636.42,18.00%
TBC,ECO LAB,MIKRO CHLOR,CASE,-,18,9968.29,,18,9968.29,18,9968.29,18,9968.29,18,9968.29,
10049829,DIVERSEY,Diversey 5874250 Taski Fresh & Clean Urinal Screen (12x1),CASE,"4,560.00",18,6012.24,12,18,6012.24,18,6012.24,18,6012.24,18,6012.24,18.00%
TBC,ECO LAB,OASIS AIM URINAL SCREEN MANGO 10 PCS (1 x 10),CASE,-,18,2864.63,,18,2864.63,18,2864.63,18,2864.63,18,2864.63,
10051758,DIVERSEY,DIVERSEY HHTLIA1 TASKI SPIRAL (2x5Ltrs) CASE,CASE,"1,499.00",18,1293.8,2,18,1293.8,18,1293.8,18,1293.8,18,1293.8,18.00%
TBC,ECO LAB,Oasis Compac HEAVY DUTY FLOOR CLEANER (OC 8) (2 x 5 Ltrs),CASE,-,18,3028.05,,18,3028.05,18,3028.05,18,3028.05,18,3028.05,
10052943,DIVERSEY,DIVERSEY HHSB SPRAY BOTTLE PCS - 1,CASE,85,18,60.12,1,18,60.12,18,60.12,18,60.12,18,60.12,18.00%
TBC,ECO LAB,Spray Bottle,CASE,-,18,103.66,,18,103.66,18,103.66,18,103.66,18,103.66,
10054282,DIVERSEY,DIVERSEY 100893628 SUMA STAR D1 (1x1.4 Ltr) SMART DOSE CAN - 1,CASE,"6,350.00",18,4571.56,1,18,4571.56,18,4571.56,18,4571.56,18,4571.56,18.00%
10060486,ECO LAB,OASIS ALL PURPOSE CLEANER (APC) (4 x 5 Ltrs),CASE,-,18,5405.49,,18,5405.49,18,5405.49,18,5405.49,18,5405.49,
10054657,DIVERSEY,DIVERSEY 6269140 ODOR ELIMINATOR 3.78 Ltr + 12 URINAL SCREEN,CASE,"9,029.00",18,9089.11,1,18,9089.11,18,9089.11,18,9089.11,18,9089.11,18.00%
TBC,ECO LAB,OASIS AIM URINAL SCREEN MANGO 10 PCS (1 x 10),CASE,-,18,2864.63,,18,2864.63,18,2864.63,18,2864.63,18,2864.63,
10056540,DIVERSEY,DIVERSEY 7010075 SUMA BAC D10 5 LTR CAN - 1,CASE,"1,499.50",18,2465.79,1,18,2465.79,18,2465.79,18,2465.79,18,2465.79,18.00%
TBC,ECO LAB,OASIS 146 MULTI-QUAT,CASE,-,18,6919.76,,18,6919.76,18,6919.76,18,6919.76,18,6919.76,
100501030201,DIVERSEY,Diversey HHSV1 Spray Triggers 20/Case,CASE,"1,200.00",18,894.8,20,18,894.8,18,894.8,18,894.8,18,894.8,18.00%
TBC,ECO LAB,Spray Trigger,CASE,-,18,103.66,,18,103.66,18,103.66,18,103.66,18,103.66,
100501160023,DIVERSEY,Diversey 4941730 REFILLABLE HANDWASH DISPENSER 600ml,CASE,"2,510.00",18,2611.7,1,18,2611.7,18,2611.7,18,2611.7,18,2611.7,18.00%
TBC,ECO LAB,HAND SOAP DISPENSER,CASE,-,18,2560.98,,18,2560.98,18,2560.98,18,2560.98,18,2560.98,
100506030030,DIVERSEY,Diversry HHSB Spray 20 Bottles / Case,CASE,"1,200.00",18,1195.12,20,18,1195.12,18,1195.12,18,1195.12,18,1195.12,18.00%
TBC,ECO LAB,Spray Bottle,CASE,-,18,109.76,,18,109.76,18,109.76,18,109.76,18,109.76,
10055474,DOMEX,DOMEX 2in1 PHENOLIC CLEANER 500ML,PCS,90,18,75.89,1,18,75.89,18,75.89,18,75.89,18,75.89,18.00%
10056572,DOMEX,DOMEX TOILET CLEANER 750 ML Ocean Fresh PCS - 1,PCS,147,9.09,124.58,1,9.09,124.58,9.09,124.58,9.09,124.58,9.09,124.58,18.00%
10056761,DOMEX,DOMEX FLOOR CLEANER 1 LITRE PCS - 1,PCS,195,9.09,165.25,1,9.09,165.25,9.09,165.25,9.09,165.25,9.09,165.25,18.00%
10056762,DOMEX,DOMEX FLOOR CLEANER 5 LITRE CAN - 1,CAN,700,35,569.23,1,35,569.23,35,569.23,35,569.23,35,569.23,18.00%
10057405,DOMEX,DOMEX TOILET CLEANER 750 ML LIME FRESH CAN - 1,CAN,130,14,110.16,1,14,110.16,14,110.16,14,110.16,14,110.16,18.00%
10057406,DOMEX,DOMEX TOILET CLEANER 500 ML LIME FRESH CAN - 1,CAN,99,5.01,83.9,1,5.01,83.9,5.01,83.9,5.01,83.9,5.01,83.9,18.00%
10057407,DOMEX,DOMEX TOILET CLEANER 500 ML OCEAN FRESH CAN - 1,CAN,87,14,73.72,1,14,73.72,14,73.72,14,73.72,14,73.72,18.00%
10057408,DOMEX,DOMEX TOILET CLEANER 1000 ML SUPER SAVER CAN - 1,CAN,215,5,182.2,1,5,182.2,5,182.2,5,182.2,5,182.2,18.00%
10057409,DOMEX,DOMEX TOILET CLEANER 500 ML CAN - 1,CAN,105,5.04,88.98,1,5.04,88.98,5.04,88.98,5.04,88.98,5.04,88.98,18.00%
10057410,DOMEX,DOMEX TOILET CLEANER 750 ML LIME FRESH COMBI PACK of 1,PACK,260,14,220.33,1,14,220.33,14,220.33,14,220.33,14,220.33,18.00%
10057413,DOMEX,DOMEX DISNFECTANT WIPES (PACK OF 48) PACK of 1,PACK,250,15.5,211.42,1,15.5,211.42,15.5,211.42,15.5,211.42,15.5,211.42,18.00%
10057414,DOMEX,DOMEX DISINFECTANT FLOOR CLEANER 1.8 LTR CAN - 1,CAN,330,14.8,275,1,14.8,275,14.8,275,14.8,275,14.8,275,18.00%
10057416,DOMEX,DOMEX DISINFECTORY SPRAY 450 ML CAN - 1,CAN,250,15,210.18,1,15,210.18,15,210.18,15,210.18,15,210.18,18.00%
10051080,Godrej,Godrej Aerpocket,PCS,65,7.69,54.17,1,7.69,54.17,7.69,54.17,7.69,54.17,7.69,54.17,18.00%
10058859,Godrej,GODREJ AER MATIC AIR FRESHENER DISPENSER WITHREFILL-SET,SET,600,9.09,508.47,1,9.09,508.47,9.09,508.47,9.09,508.47,9.09,508.47,18.00%
10058860,Godrej,GODREJ Aer Matic AIR FRESHENER REFILL 225 ML PCS - 1,PCS,315,7.55,262.5,1,7.55,262.5,7.55,262.5,7.55,262.5,7.55,262.5,18.00%
100501110014,EZE,EZE MOP 50 CM SET MOP WITH HANNDLE,SET,999,15,844.71,1,15,844.71,15,844.71,15,844.71,15,844.71,18.00%
100501110018,EZEE,"Ezee Mop Cotton Refill, Size 550 Cms",PCS,270,3,226.8,1,3,226.8,3,226.8,3,226.8,3,226.8,18.00%
10049639,FEM,Fem Liquid Hand & Face Wash Assorted Frangrance-5ltr,PCS,740,14,626.74,1,14,626.74,14,626.74,14,626.74,14,626.74,18.00%
10053277,GALA,GALA 132744 IRON BRUSH PCS - 1,PCS,100,23.73,83.33,1,23.73,83.33,23.73,83.33,23.73,83.33,23.73,83.33,18.00%
10057239,GALA,GALA MOP WET REFILL 240/R Clipp `N' FIT 350 GM APPROX WEIGHT PCS - 1,PCS,210,23.73,175,1,23.73,175,23.73,175,23.73,175,23.73,175,18.00%
100501010017,GALA,Broom Soft Grass Gala 272 Laxmi,PCS,200,10,166.67,1,10,166.67,10,166.67,10,166.67,10,166.67,0.00%
100501110001,GALA,Mop Wet Set Gala 240 Clip `N' Fit Cotton Mop,SET,450,23.73,375,1,23.73,375,23.73,375,23.73,375,23.73,375,18.00%
100501110002,GALA,Gala 296/S 132757 Dust Control Mop 18 With Handle,PCS,700,23.73,583.33,1,23.73,583.33,23.73,583.33,23.73,583.33,23.73,583.33,18.00%
100501190023,GALA,GALA 198/D DUSTPAN 1 PC,PCS,85,23.73,70.83,1,23.73,70.83,23.73,70.83,23.73,70.83,23.73,70.83,18.00%
100501190026,GALA,GALA 204 PLUNGER; MEDIUM; 1 PC,PCS,75,23.73,62.5,1,23.73,62.5,23.73,62.5,23.73,62.5,23.73,62.5,18.00%
100501190055,GALA,PLASTIC TOILET BRUSH WITH CONTAINER,PCS,250,23.73,208.33,1,23.73,208.33,23.73,208.33,23.73,208.33,23.73,208.33,18.00%
100501210004,GALA,Brush Toilet Round Gala 311,PCS,250,23.73,208.33,1,23.73,208.33,23.73,208.33,23.73,208.33,23.73,208.33,18.00%
100501210023,GALA,Floor Sweeping Brush Mr Tall Gala 224 with Handle,PCS,400,23.73,333.33,1,23.73,333.33,23.73,333.33,23.73,333.33,23.73,333.33,18.00%
100501210070,GALA,"GALA Floor Scrubbing Brush. Model 235 HARDY,1pc",PCS,195,23.73,162.5,1,23.73,162.5,23.73,162.5,23.73,162.5,23.73,162.5,18.00%
10059928,GOOD KNIGHT,GOOD KNIGHT MACHINE + REFILL COMBO PACK PACK of 1,PACK,95,9.09,80.51,1,9.09,80.51,9.09,80.51,9.09,80.51,9.09,80.51,18.00%
10049648,GOOD KNIGHT,Mosquito Liquid Refill-45 Nights,PCS,75,9.01,63.5,1,9.01,63.5,9.01,63.5,9.01,63.5,9.01,63.5,18.00%
10049849,KIWI,Cleaning Powder Drainex 50Gms Sachet For Drain Cleaner,PCS,32,9.26,27,1,9.26,27,9.26,27,9.26,27,9.26,27,18.00%
10049680,HARPIC,Cleaning Liquid Harpic 500ml,PCS,105,9.09,88.98,1,9.09,88.98,9.09,88.98,9.09,88.98,9.09,88.98,18.00%
10049682,HIT,Insecticide Spray Can HIT 200ml Black for Mosquitoes,PCS,115,8.68,97.46,1,8.68,97.46,8.68,97.46,8.68,97.46,8.68,97.46,18.00%
10049683,HIT,Insecticide Spray Can HIT 200ml Red for Cockroaches,PCS,115,8.68,97.46,1,8.68,97.46,8.68,97.46,8.68,97.46,8.68,97.46,18.00%
10055475,HUL,"HUL LIFEBUOY TOTAL 10 - GERM PROTECTION HANDWASH, 190 ML PCS - 1",PCS,99,9,83.9,1,9,83.9,9,83.9,9,83.9,9,83.9,18.00%
10049687,JK PREMIUM,Premium Room Freshener Assorted Spray 125gm,PCS,125,8,105.93,1,8,105.93,8,105.93,8,105.93,8,105.93,18.00%
100503020029,KIMBERLY CLARK,Facial Tissue Box KC 1033 21cmx21cm 100Sheets/Box Kleenex,BOX,NA,35,101.78,1,35,101.78,35,101.78,35,101.78,35,101.78,18.00%
100503020018,KIMSOFT,CODE 01175 KIMSOFT® FACIAL TISSUE BOXES 100 PULLS 21CMX21CM,PCS,NA,35,92.31,1,35,92.31,35,92.31,35,92.31,35,92.31,18.00%
100501020044,KLEENAL,Caddy Bucket Blue K-73B,PCS,NA,40,357.5,1,40,357.5,40,357.5,40,357.5,40,357.5,18.00%
100501020045,KLEENAL,Caddy Bucket Red K-73R,PCS,NA,40,326.33,1,40,326.33,40,326.33,40,326.33,40,326.33,18.00%
100501020047,KLEENAL,"K-6, Kleenal Twin Bucket Round 15 Lts Part-2",PCS,NA,40,907.5,1,40,907.5,40,907.5,40,907.5,40,907.5,18.00%
100501110023,KLEENAL,"Mop Dry Set 24"" 5Ft MS Handle,,24"" Cotton Refill,Mop Holder",PCS,NA,40,504.17,1,40,504.17,40,504.17,40,504.17,40,504.17,18.00%
100501110024,KLEENAL,Kleenal MC-300 Clip mop Cotton Refill 300 gms,PCS,NA,40,91.67,1,40,91.67,40,91.67,40,91.67,40,91.67,5.00%
100501110026,KLEENAL,Kleenal ASC-60 Dry Mop Acrylic Refill 60 CM,PCS,NA,40,330,1,40,330,40,330,40,330,40,330,18.00%
100501110030,KLEENAL,Kleenal PFS-60 Dry Mop Set With Cotton Refill 60 CM and Metal Handle 4.5 Feet,SET,NA,40,656.33,1,40,656.33,40,656.33,40,656.33,40,656.33,18.00%
100501110032,KLEENAL,"Mop Dry Refill 24"" Cotton Whitte Kleenal",PCS,NA,40,179.67,1,40,179.67,40,179.67,40,179.67,40,179.67,5.00%
100501110049,KLEENAL,Mop Wet Round Refill with round plastic holder,PCS,NA,40,78.83,1,40,78.83,40,78.83,40,78.83,40,78.83,18.00%
100501110072,KLEENAL,"Clip Mop Refill, 6"" Flat 300Gms Cotton Yarn",PCS,NA,40,91.67,1,40,91.67,40,91.67,40,91.67,40,91.67,5.00%
100501110075,KLEENAL,Kleenal SC-40 Dry Mop Cotton Refill 40 CM,PCS,NA,40,165,1,40,165,40,165,40,165,40,165,5.00%
100501110077,KLEENAL,Kleenal HA-4.5- Aluminium Handdle 4.5'long,PCS,NA,40,278.67,1,40,278.67,40,278.67,40,278.67,40,278.67,18.00%
100501110082,KLEENAL,"Wet Mop Set PM-350, with Alluuminium Handle 4.5ft",SET,NA,40,487.67,1,40,487.67,40,487.67,40,487.67,40,487.67,18.00%
100501110083,KLEENAL,"Wet Round Mop Set,MC 300 Red HHead,Alluminium Handle 4.5ft",SET,NA,40,403.33,1,40,403.33,40,403.33,40,403.33,40,403.33,18.00%
100501110084,KLEENAL,Kleenal PFS-40 Dry Mop Set With Cotton Refill 40 CM and Metal Handle 4.5 Feet,SET,NA,40,705.83,1,40,705.83,40,705.83,40,705.83,40,705.83,18.00%
100501190121,KLEENAL,Kleenal K-40M Mini Pocket Scrapper with Blade,PCS,NA,40,183.33,1,40,183.33,40,183.33,40,183.33,40,183.33,18.00%
100501190130,KLEENAL,Kleenal K-40 Floor Scrapper with Handle & Blade,PCS,NA,40,265.83,1,40,265.83,40,265.83,40,265.83,40,265.83,18.00%
100501210001,KLEENAL,"Brush Flr Scrbbng 18"" x 3"" Nyllon Bristles With 5Ft MS Handl",PCS,NA,40,660,1,40,660,40,660,40,660,40,660,18.00%
100501210068,KLEENAL,"Ambo Out Door Brush 18"" Soft Kleenal NSW/18 without Handle",PCS,NA,40,660,1,40,660,40,660,40,660,40,660,18.00%
100501210071,KLEENAL,Kleenal K-139 Round Cob Web Brush for Ceilings,PCS,NA,40,385,1,40,385,40,385,40,385,40,385,18.00%
100501230001,KLEENAL,"Floor Squeezee 12"" Rubber Withh 4Ft MS Powder Coated Handle",PCS,NA,40,311.67,1,40,311.67,40,311.67,40,311.67,40,311.67,18.00%
100501230010,KLEENAL,"Window Squeezee Glass 12"", KleenalWindow Sqz Glass",PCS,NA,40,880,1,40,880,40,880,40,880,40,880,18.00%
100501230011,KLEENAL,Kleenal K-50 Glass Squeezee SS Body with Rubber Blade 45cm,PCS,NA,40,357.5,1,40,357.5,40,357.5,40,357.5,40,357.5,18.00%
100501230024,KLEENAL,"Kleenal S-18 Heavy Duty Aluminium Rubber Squeezee 18"" with Metal Handle 5 feet",PCS,NA,40,394.17,1,40,394.17,40,394.17,40,394.17,40,394.17,18.00%
100501230033,KLEENAL,"18"" Kleenal Plastic Frame Wipeer",PCS,NA,40,220,1,40,220,40,220,40,220,40,220,18.00%
100501230038,KLEENAL,"Kleenal S-18 Heavy Duty Aluminium Rubber Squeezee 18"" W/O Handle",PCS,NA,40,284.17,1,40,284.17,40,284.17,40,284.17,40,284.17,18.00%
100504010022,KLEENAL,Caution Board With Stand-Cleanning In Progress,PCS,NA,40,970.75,1,40,970.75,40,970.75,40,970.75,40,970.75,18.00%
100504010023,KLEENAL,Caution Board With Stand-Wet Floor,PCS,NA,40,733.33,1,40,733.33,40,733.33,40,733.33,40,733.33,18.00%
100504010024,KLEENAL,Wringer Trolley 15 Ltr Kleenal,PCS,NA,40,5960.17,1,40,5960.17,40,5960.17,40,5960.17,40,5960.17,18.00%
100504010026,KLEENAL,Wringer Trolley 30 Ltr Kleenal,PCS,NA,40,11275,1,40,11275,40,11275,40,11275,40,11275,18.00%
100504010147,KLEENAL,Kleenal K-119A Double Cleaning Bucket 34Ltr capacity with Wringer Trolley,PCS,NA,40,6416.67,1,40,6416.67,40,6416.67,40,6416.67,40,6416.67,18.00%
100506110002,KLEENAL,Kleenal FS-40 Dry Mop Set With Cotton Refill 40 CMand Metal Handle 5 Feet,SET,NA,40,531.67,1,40,531.67,40,531.67,40,531.67,40,531.67,18.00%
100506110012,KLEENAL,"M-250 Clip Bracket Assy 6"" With Handle",PCS,NA,40,315.33,1,40,315.33,40,315.33,40,315.33,40,315.33,18.00%
100506110017,KLEENAL,Kleenal ASC-40 Dry Mop Acrylic Refill 40 CM,PCS,NA,40,275,1,40,275,40,275,40,275,40,275,18.00%
110101010010,KLEENAL,Kleenal MC-300P Wet Round Mop Refill Red,PCS,NA,40,106.33,1,40,106.33,40,106.33,40,106.33,40,106.33,18.00%
110101010012,KLEENAL,Kleenal MC-300P Wet Round Mop Refill Yellow,PCS,NA,40,106.33,1,40,106.33,40,106.33,40,106.33,40,106.33,18.00%
110101010014,KLEENAL,Kleenal PH-5 Mop Hanger 17'',PCS,NA,40,825,1,40,825,40,825,40,825,40,825,18.00%
110101010016,KLEENAL,"Kleenal S12 Heavy Duty Aluminim Rubber Squeze 12"" Handle 5f",PCS,NA,40,311.67,1,40,311.67,40,311.67,40,311.67,40,311.67,18.00%
110101010033,KLEENAL,Kleenal HS-10 Plastic Platformm / Table Squeezee,PCS,NA,38.13,80,1,38.13,80,38.13,80,38.13,80,38.13,80,18.00%
110101010035,KLEENAL,Kleenal CHM-40 Micro Fiber Cleaning cloth,PCS,NA,40,137.5,1,40,137.5,40,137.5,40,137.5,40,137.5,5.00%
100501110022,KLEENAL,"Mop Dry Handle, 5Ft, MS Powder Coated",PCS,NA,40,125,1,40,125,40,125,40,125,40,125,18.00%
100501230005,KLEENAL,"Window Squeeze 12"" Combi (Squeeeze & Washer) Kleenal",PCS,NA,40,641.67,1,40,641.67,40,641.67,40,641.67,40,641.67,18.00%
110101010017,KLEENAL,"Kleenal S24 Heavy Duty Aluminiim Rubber Squeze 24"" Handle 5f",PCS,NA,40,475,1,40,475,40,475,40,475,40,475,18.00%
10056566,LIFEBUOY,LIFEBUOY HAND WASH 580 ML PCS - 1,PCS,199,8,168.57,1,8,168.57,8,168.57,8,168.57,8,168.57,18.00%
10056567,LIFEBUOY,LIFEBUOY HAND WASH 240 ML PCS - 1,PCS,85,8,71.85,1,8,71.85,8,71.85,8,71.85,8,71.85,18.00%
10056568,LIFEBUOY,LIFEBUOY HAND SANITIZER 500 ML PCS - 1,PCS,250,24.67,211.48,1,24.67,211.48,24.67,211.48,24.67,211.48,24.67,211.48,18.00%
10056569,LIFEBUOY,LIFEBUOY HAND SANITIZER 190 ML PCS - 1,PCS,95,8,80.14,1,8,80.14,8,80.14,8,80.14,8,80.14,18.00%
10056570,LIFEBUOY,LIFEBUOY HAND SANITIZER 50 ML PCS - 1,PCS,25,9,21.16,1,9,21.16,9,21.16,9,21.16,9,21.16,18.00%
10056571,LIFEBUOY,LIFEBUOY SOAP 125 MG PCS - 1,PCS,25,8,21.18,1,8,21.18,8,21.18,8,21.18,8,21.18,18.00%
10056573,LIFEBUOY,LIFEBUOY GERM KILL SPRAY 75 ML PCS - 1,PCS,149,21,125.77,1,21,125.77,21,125.77,21,125.77,21,125.77,18.00%
10056588,LIFEBUOY,LIFEBUOY HAND SANITIZER 240 ML PCS - 1,PCS,120,14,101.51,1,14,101.51,14,101.51,14,101.51,14,101.51,18.00%
10056763,LIFEBUOY,LIFEBUOY HAND SANITIZER 5 LTR CAN - 1,CAN,"2,500.00",35.66,1943.08,1,35.66,1943.08,35.66,1943.08,35.66,1943.08,35.66,1943.08,18.00%
10056862,LIFEBUOY,LIFEBUOY LIQUID HAND SANITIZER 5 LTR (LIQUID). CAN - 1,CAN,"1,200.00",32.3,1000,1,32.3,1000,32.3,1000,32.3,1000,32.3,1000,18.00%
10057464,LIFEBUOY,LIFEBUOY HANDWASH TOTAL 10 1.5 LITRE PCS - 1,PCS,199,14,168.34,1,14,168.34,14,168.34,14,168.34,14,168.34,18.00%
10057465,LIFEBUOY,LIFEBUOY HAND SANITIZER 30 ML PCS - 1,PCS,15,12,12.4,1,12,12.4,12,12.4,12,12.4,12,12.4,18.00%
10057477,LIFEBUOY,LIFEBUOY HAND SANITIZER 2ML (PACK OF 2034 SACHET) CASE of 1,CASE,"2,034.00",13,1706.69,1,13,1706.69,13,1706.69,13,1706.69,13,1706.69,18.00%
10049686,LIZOL,LIZOL F.C CLEANING LIQUID 500ML,PCS,116,8.96,98.31,1,8.96,98.31,8.96,98.31,8.96,98.31,8.96,98.31,18.00%
10049872,ODONIL,Air Freshner Cake Odonil 50gms,PCS,45,22,37.31,1,22,37.31,22,37.31,22,37.31,22,37.31,18.00%
10049886,PRIL,Cleaning Liquid Pril Concentrate 425ml Utensil Cleaner,PCS,119,8,100,1,8,100,8,100,8,100,8,100,18.00%
10049899,RIN,Cleaning Powder Rin Shakti 1kg Pack,PACK,111,9.03,94,1,9.03,94,9.03,94,9.03,94,9.03,94,18.00%
10049652,STANDARD,SANITORY CUBES 200GM,PCS,140,30.91,55,1,30.91,55,30.91,55,30.91,55,30.91,55,18.00%
10049653,STANDARD,Air freshner cake Napthalene Balls 100gms,PACK,49,34.21,38,1,34.21,38,34.21,38,34.21,38,34.21,38,18.00%
10049674,STANDARD,Urinal Screen Mat Diamond CU 100 1pcs,PCS,280,39.29,140,1,39.29,140,39.29,140,39.29,140,39.29,140,18.00%
10049860,STANDARD,"Window Glass Cleaning Applicator With Sleeve 12""W",PCS,530,48.57,350,1,48.57,350,48.57,350,48.57,350,48.57,350,18.00%
10049862,STANDARD,White Phenol Perfumed 5 Ltrs Can,CAN,500,40,258.33,1,40,258.33,40,258.33,40,258.33,40,258.33,18.00%
10051273,STANDARD,GoodMake Rubber HandGloves Medium Size Yellow Color 1 Pair,PAIR,30,40,50,1,40,50,40,50,40,50,40,50,18.00%
10051689,STANDARD,GOOD MAKE TRANSPARENT MUG 1 Ltr PCS - 1,PCS,75,30,50,1,30,50,30,50,30,50,30,50,18.00%
10052427,STANDARD,GOOD MAKE WET MOP SET WITH CLIP REFILL& METAL-HANDLE PCS - 1,PCS,450,24.29,350,1,24.29,350,24.29,350,24.29,350,24.29,350,18.00%
10054072,STANDARD,GOOD MAKE LATEX DISPOSABLE GLOVES (PACK OF 100),PACK,"1,500.00",40.68,590,50,40.68,590,40.68,590,40.68,590,40.68,590,18.00%
10054074,STANDARD,GOOD MAKE FLOOR POCHA 24 X 24 (PACK OF 12) PACK of 1,PACK,300,38.46,260,12,38.46,260,38.46,260,38.46,260,38.46,260,5.00%
10055436,STANDARD,GOOD MAKE NITRILE GLOVES (PACK OF 100 PCS),PACK,"1,500.00",38.46,650,50,38.46,650,38.46,650,38.46,650,38.46,650,12.00%
10056513,STANDARD,GOOD MAKE SAFESHIELD 3 PLY FACE MASK DISPOSABLE PCS - 1,PCS,25,37.5,4,1,37.5,4,37.5,4,37.5,4,37.5,4,5.00%
10056709,STANDARD,GOOD MAKE SPRAYER 1.8L to 2 LITER CAPACITY,PCS,450,40,416.67,1,40,416.67,40,416.67,40,416.67,40,416.67,12.00%
100501010008,STANDARD,"Broom Stick Coconut, 250 Gms",PCS,40,37.78,45,1,37.78,45,37.78,45,37.78,45,37.78,45,0.00%
100501010010,STANDARD,"Broom Soft Grass, 250gms",PCS,95,33.33,75,1,33.33,75,33.33,75,33.33,75,33.33,75,18.00%
100501010013,STANDARD,Broom Stick Soft 500Gms Weight,PCS,100,32.93,82,1,32.93,82,32.93,82,32.93,82,32.93,82,0.00%
100501010014,STANDARD,Broom Stick Coconut 500Gms Weight,PCS,95,37.5,72,1,37.5,72,37.5,72,37.5,72,37.5,72,0.00%
100501010015,STANDARD,"Road Brush 12"" Width Nylon Briistles & 4.5ft Ms Handle",PCS,350,50,250,1,50,250,50,250,50,250,50,250,18.00%
100501020013,STANDARD,"Mug Plastic, 1 Ltr",PCS,45,37.14,35,1,37.14,35,37.14,35,37.14,35,37.14,35,18.00%
100501060002,STANDARD,Dust Pan with Brush,PCS,144.27,35.71,140,1,35.71,140,35.71,140,35.71,140,35.71,140,18.00%
100501070003,STANDARD,"Yellow Cloth Duster, Size 24"" x 27""",PCS,49.07,37.5,24,1,37.5,24,37.5,24,37.5,24,37.5,24,5.00%
100501070013,STANDARD,"Duster Cloth Floor 18"" x 18""",PCS,25,39.13,23,1,39.13,23,39.13,23,39.13,23,39.13,23,5.00%
100501070020,STANDARD,"Duster Cloth Glass 20"" X20"" (Blue)",PCS,26.4,40,25,1,40,25,40,25,40,25,40,25,5.00%
100501070021,STANDARD,"Duster Cloth Glass 20"" X20"" (Green)",PCS,24,40,25,1,40,25,40,25,40,25,40,25,5.00%
100501070022,STANDARD,"Duster Cloth Glass 20"" X20"" (Red)",PCS,35,40,25,1,40,25,40,25,40,25,40,25,5.00%
100501070028,STANDARD,"Duster Cloth Floor 20"" x 20""",PCS,35,40,25,1,40,25,40,25,40,25,40,25,5.00%
100501070035,STANDARD,"Cloth Duster Checked Blue Color, 16"" X 24""",PCS,35,40.91,22,1,40.91,22,40.91,22,40.91,22,40.91,22,5.00%
100501070036,STANDARD,"Cloth Duster Checked Green Collor, 16"" X 24""",PCS,45,40.91,22,1,40.91,22,40.91,22,40.91,22,40.91,22,5.00%
100501070037,STANDARD,"Cloth Duster Checked Red Colorr, 16"" X 24""",PCS,40,40.91,22,1,40.91,22,40.91,22,40.91,22,40.91,22,5.00%
100501090008,STANDARD,"Surgical Hand Gloves, Medium Size, 1 Pair",PAIR,65,50,40,1,50,40,50,40,50,40,50,40,18.00%
100501190054,STANDARD,"SPONGE, LOW DENSITY, SIZE 105 MM X 158 MM",PCS,24,31.25,16,1,31.25,16,31.25,16,31.25,16,31.25,16,18.00%
100501190064,STANDARD,Liquid Spray Gun Cap With Trigger,PCS,87,42.03,69,1,42.03,69,42.03,69,42.03,69,42.03,69,18.00%
100501190077,STANDARD,Scraper Metal Patti Blade Size -3 Inches X 4Inches,PCS,20,33.33,15,1,33.33,15,33.33,15,33.33,15,33.33,15,18.00%
100501190096,STANDARD,Heavy Duty Floor Scrapper,PCS,100,39.39,165,1,39.39,165,39.39,165,39.39,165,39.39,165,18.00%
100501190098,STANDARD,Plastic Spray Gun Trigger,PCS,75,28.57,49,1,28.57,49,28.57,49,28.57,49,28.57,49,18.00%
100501210010,STANDARD,"Brush Feather Static Duster, Assorted Colors",PCS,80,35,80,1,35,80,35,80,35,80,35,80,18.00%
100501210024,STANDARD,"Brush Bottle Cleaning, Small",PCS,40.88,35.71,28,1,35.71,28,35.71,28,35.71,28,35.71,28,18.00%
100501210033,STANDARD,"Brush Cleaning Keyboard, Bristles 1"" Width Computer Cleanin",PCS,65,30,50,1,30,50,30,50,30,50,30,50,18.00%
100501210035,STANDARD,Brush Cobweb Ceiling Nylon Briistles With 5Ft Ms Handle,PCS,252,44.44,180,1,44.44,180,44.44,180,44.44,180,44.44,180,18.00%
100501210037,STANDARD,"Brush Street Road W/Nylon Bristles 12"" Width & 5Ft Ms Handl",PCS,359.47,40,250,1,40,250,40,250,40,250,40,250,18.00%
100501210041,STANDARD,Toilet Brush Hockey Stick Shape Nylon Bristl Plastic Handl,PCS,180,30.56,72,1,30.56,72,30.56,72,30.56,72,30.56,72,18.00%
100501210044,STANDARD,Toilet Brush Wc Round Shape Nylon Bristles,PCS,160,37.5,88,1,37.5,88,37.5,88,37.5,88,37.5,88,18.00%
100501220004,STANDARD,"Scrubbing Pad, Nylon Scrubber, Round, 12 Pcs/Pack",PACK,140,40,100,12,40,100,40,100,40,100,40,100,18.00%
100501220011,STANDARD,"Scrubbing Pad, Nylon Scrubber, Round",PCS,20,33.33,15,1,33.33,15,33.33,15,33.33,15,33.33,15,18.00%
100501220025,STANDARD,"Scrubbing Pad Sponge Pad White 4"" X 6""",PCS,20.4,29.03,15.5,1,29.03,15.5,29.03,15.5,29.03,15.5,29.03,15.5,18.00%
100506010009,STANDARD,Bottle Cleaning Brush (Big Bottle),PCS,45,38.89,36,1,38.89,36,38.89,36,38.89,36,38.89,36,18.00%
100509010001,STANDARD,Hand Gloves Rubber Orange XL Size,PAIR,110,45.83,72,1,45.83,72,45.83,72,45.83,72,45.83,72,18.00%
100509010003,STANDARD,Hand Gloves Knitted Cotton White 1 Pair/Pack,PAIR,75,33.33,30,1,33.33,30,33.33,30,33.33,30,33.33,30,5.00%
100509010004,STANDARD,Hand Gloves Rubber Medium Red Colour 1 Pair,PAIR,99,37.5,72,1,37.5,72,37.5,72,37.5,72,37.5,72,18.00%
10049919,VIM,VIM Bar Dishwashing Soap MRP 10,PCS,10,8.78,8.45,1,8.78,8.45,8.78,8.45,8.78,8.45,8.78,8.45,18.00%
10049922,VIM,Cleaning Liquid Vim Dishwash 500ML Bottle,PCS,125,9.09,105.93,1,9.09,105.93,9.09,105.93,9.09,105.93,9.09,105.93,18.00%
10057466,VIM,VIM LIQUID YELLOW BOTTLE 750 ML PCS - 1,PCS,199,9.09,168.64,1,9.09,168.64,9.09,168.64,9.09,168.64,9.09,168.64,18.00%
10057467,VIM,VIM LIQUID BOTTLE 1.8 LTR PCS - 1,PCS,445,9.09,377.12,1,9.09,377.12,9.09,377.12,9.09,377.12,9.09,377.12,18.00%
100501040006,WHEEL,"Wheel Detergent Powder, 1 Kg / Pack",PACK,76,9.09,64.41,1,9.09,64.41,9.09,64.41,9.09,64.41,9.09,64.41,18.00%
10057782,ODONIL,ODONIL ROOM FRESHENER ROSE GARDEN 270 ML PCS - 1,PCS,169,29.7,140.83,1,29.7,140.83,29.7,140.83,29.7,140.83,29.7,140.83,18.00%
10057783,ODONIL,ODONIL ROOM FRESHENER JASMIN MAGIC 270 ML PCS - 1,PCS,169,29.7,140.83,1,29.7,140.83,29.7,140.83,29.7,140.83,29.7,140.83,18.00%
10057784,ODONIL,ODONIL ROOM FRESHENER SANDAL BOUQUET 270 ML PCS - 1,PCS,169,29.7,140.83,1,29.7,140.83,29.7,140.83,29.7,140.83,29.7,140.83,18.00%
10057785,ODONIL,ODONIL ROOM FRESHENER LAVENDER MIST 270 ML PCS - 1,PCS,169,29.7,140.83,1,29.7,140.83,29.7,140.83,29.7,140.83,29.7,140.83,18.00%